<?xml version="1.0" encoding="UTF-8"?><idempiere Name="com.trekglobal.idempiere.rest.api_1.0.0" Version="1.0.0" idempiereVersion="" DataBaseVersion="" Description="" Author="" AuthorEmail="hengsin@gmail.com" CreatedDate="2019-09-10 17:54:25.036" UpdatedDate="2019-09-10 17:54:25.036" PackOutVersion="100" UpdateDictionary="false" Client="0-SYSTEM-System" AD_Client_UU="11237b53-9592-4af1-b3c5-afd216514b5d">
    <SQLMandatory type="custom">
        <DBType>Postgres</DBType>
        <statement>
            <![CDATA[CREATE EXTENSION IF NOT EXISTS "unaccent";]]>
        </statement>
    </SQLMandatory>

    <SQLMandatory type="custom">
        <DBType>Postgres</DBType>
        <statement>
            <![CDATA[CREATE OR REPLACE FUNCTION unaccent(text)
                RETURNS text
                LANGUAGE c
                STABLE PARALLEL SAFE STRICT
                AS '$libdir/unaccent', $function$unaccent_dict$function$
                ;
]]>
        </statement>
    </SQLMandatory>

    <SQLMandatory type="custom">
        <DBType>Postgres</DBType>
        <statement>
            <![CDATA[CREATE OR REPLACE FUNCTION slugify("value" TEXT)
RETURNS TEXT AS $$
  -- removes accents (diacritic signs) from a given string --
  WITH "unaccented" AS (
    SELECT unaccent("value") AS "value"
  ),
  -- lowercases the string
  "lowercase" AS (
    SELECT lower("value") AS "value"
    FROM "unaccented"
  ),
  -- replaces anything that's not a letter, number, hyphen('-'), or underscore('_') with a hyphen('-')
  "hyphenated" AS (
    SELECT regexp_replace("value", '[^a-z0-9\\-_]+', '-', 'gi') AS "value"
    FROM "lowercase"
  ),
  -- trims hyphens('-') if they exist on the head or tail of the string
  "trimmed" AS (
    SELECT regexp_replace(regexp_replace("value", '-+$', ''), '^-', '') AS "value"
    FROM "hyphenated"
  )
  SELECT "value" FROM "trimmed";
$$ LANGUAGE SQL STRICT IMMUTABLE;]]>
        </statement>
    </SQLMandatory>
    <SQLMandatory type="custom">
        <DBType>Oracle</DBType>
        <statement>
            <![CDATA[CREATE OR REPLACE Function slugify
   ( name_in IN varchar2 )
   RETURN varchar2
IS
   name_out varchar2(2000);

BEGIN

   name_out := lower(regexp_replace(regexp_replace(regexp_replace(name_in, '[^a-z0-9A-Z-_]','-'),'-+$',''),'^-', ''));
   name_out := regexp_replace(name_out, '-{2,}', '-');

   RETURN name_out;

EXCEPTION
WHEN OTHERS THEN
   raise_application_error(-20001,'An error was encountered - '||SQLCODE||' -ERROR- '||SQLERRM);
END;]]>
        </statement>
    </SQLMandatory>
</idempiere>
